Filename,Period,Length_mm,OpCode,Family,Genus,Species,Number,Comment
PL_L_LIHOUN_12-2-21_P01.MP4,T1,126.283,Lihou_North_Feb2021,Serranidae,Pseudanthias,pleurotaenia,5,
PL_L_LIHOUN_12-2-21_P01.MP4,T1,101.749,Lihou_North_Feb2021,Acanthuridae,Ctenochaetus,striatus,5,
PL_L_LIHOUN_12-2-21_P01.MP4,T1,254.84,Lihou_North_Feb2021,Mullidae,Parupeneus,multifasciatus,1,
PL_L_LIHOUN_12-2-21_P01.MP4,T1,89.768,Lihou_North_Feb2021,Pomacentridae,Acanthochromis,polyacanthus,6,
PL_L_LIHOUN_12-2-21_P01.MP4,T1,131.854,Lihou_North_Feb2021,Acanthuridae,Acanthurus,thompsoni,1,
PL_L_LIHOUN_12-2-21_P01.MP4,T1,150.537,Lihou_North_Feb2021,Acanthuridae,Acanthurus,thompsoni,12,
PL_L_LIHOUN_12-2-21_P01.MP4,T1,108.706,Lihou_North_Feb2021,Pomacanthidae,Genicanthus,watanabei,4,
PL_L_LIHOUN_12-2-21_P01.MP4,T1,69.425,Lihou_North_Feb2021,Pomacentridae,Pomacentrus,nigromarginatus,4,
PL_L_LIHOUN_12-2-21_P01.MP4,T1,144.389,Lihou_North_Feb2021,Serranidae,Pseudanthias,,2,
PL_L_LIHOUN_12-2-21_P01.MP4,T1,103.367,Lihou_North_Feb2021,Pomacentridae,Amblyglyphidodon,aureus,1,
PL_L_LIHOUN_12-2-21_P01.MP4,T1,175.705,Lihou_North_Feb2021,Acanthuridae,Ctenochaetus,striatus,4,
PL_L_LIHOUN_12-2-21_P01.MP4,T1,157.737,Lihou_North_Feb2021,Chaetodontidae,Chaetodon,mertensii,2,
PL_L_LIHOUN_12-2-21_P05.MP4,T6,149.591,Lihou_North_Feb2021,Chaetodontidae,Chaetodon,mertensii,1,
PL_L_LIHOUN_12-2-21_P05.MP4,T8,481.996,Lihou_North_Feb2021,Lutjanidae,Lutjanus,bohar,1,
PL_L_LIHOUN_12-2-21_P06.MP4,T8,122.027,Lihou_North_Feb2021,Chaetodontidae,Chaetodon,auriga,2,
PL_L_LIHOUN_12-2-21_P06.MP4,T9,681.625,Lihou_North_Feb2021,Lutjanidae,Lutjanus,bohar,1,
PL_L_LIHOUN_12-2-21_P06.MP4,T9,354.012,Lihou_North_Feb2021,Acanthuridae,Acanthurus,dussumieri,2,
PL_L_LIHOUN_12-2-21_P06.MP4,T9,170.385,Lihou_North_Feb2021,Chaetodontidae,Heniochus,acuminatus,2,
PL_L_LIHOUN_12-2-21_P06.MP4,T9,250.354,Lihou_North_Feb2021,Lethrinidae,Monotaxis,grandoculis,2,
PL_L_LIHOUN_12-2-21_P06.MP4,T9,456.028,Lihou_North_Feb2021,Acanthuridae,Naso,caesius,2,
PL_L_LIHOUN_12-2-21_P01.MP4,T1,,Lihou_North_Feb2021,Pomacanthidae,Genicanthus,watanabei,1,
PL_L_LIHOUN_12-2-21_P01.MP4,T1,,Lihou_North_Feb2021,Pomacentridae,Chromis,ternatensis,6,
PL_L_LIHOUN_12-2-21_P01.MP4,T1,,Lihou_North_Feb2021,Scaridae,Scarus,frenatus,2,
PL_L_LIHOUN_12-2-21_P01.MP4,T1,,Lihou_North_Feb2021,Acanthuridae,Acanthurus,pyroferus,6,
PL_L_LIHOUN_12-2-21_P01.MP4,T1,,Lihou_North_Feb2021,Serranidae,Pseudanthias,pleurotaenia,12,
PL_L_LIHOUN_12-2-21_P01.MP4,T1,,Lihou_North_Feb2021,Pomacentridae,Chromis,iomelas,8,
PL_L_LIHOUN_12-2-21_P01.MP4,T1,7.8,Lihou_North_Feb2021,Labridae,,sp,6,
PL_L_LIHOUN_12-2-21_P01.MP4,T1,5.8,Lihou_North_Feb2021,Pomacentridae,,sp,12,
PL_L_LIHOUN_12-2-21_P03.MP4,T2,,Lihou_North_Feb2021,Chaetodontidae,Chaetodon,mertensii,1,
PL_L_LIHOUN_12-2-21_P03.MP4,T2,,Lihou_North_Feb2021,Labridae,Thalassoma,lutescens,1,
PL_L_LIHOUN_12-2-21_P03.MP4,T2,,Lihou_North_Feb2021,Labridae,Choerodon,jordani,1,
PL_L_LIHOUN_12-2-21_P03.MP4,T2,,Lihou_North_Feb2021,Balistidae,Pseudobalistes,fuscus,1,
PL_L_LIHOUN_12-2-21_P03.MP4,T2,9,Lihou_North_Feb2021,Balistidae,Sufflamen,bursa,1,
PL_L_LIHOUN_12-2-21_P03.MP4,T2,,Lihou_North_Feb2021,Pomacentridae,Pomacentrus,,6,
PL_L_LIHOUN_12-2-21_P03.MP4,T2,,Lihou_North_Feb2021,Chaetodontidae,Chaetodon,pelewensis,1,
PL_L_LIHOUN_12-2-21_P03.MP4,T2,,Lihou_North_Feb2021,Pomacentridae,Dascyllus,trimaculatus,2,
PL_L_LIHOUN_12-2-21_P03.MP4,T2,,Lihou_North_Feb2021,Labridae,Thalassoma,lutescens,1,
PL_L_LIHOUN_12-2-21_P03.MP4,T2,,Lihou_North_Feb2021,Labridae,Thalassoma,lutescens,1,
PL_L_LIHOUN_12-2-21_P03.MP4,T2,,Lihou_North_Feb2021,Pomacentridae,Dascyllus,reticulatus,4,
PL_L_LIHOUN_12-2-21_P03.MP4,T2,,Lihou_North_Feb2021,Pomacentridae,Chromis,iomelas,4,
PL_L_LIHOUN_12-2-21_P03.MP4,T2,,Lihou_North_Feb2021,Pomacentridae,Chromis,weberi,2,
PL_L_LIHOUN_12-2-21_P03.MP4,T2,8,Lihou_North_Feb2021,Labridae,Coris,sp,4,
PL_L_LIHOUN_12-2-21_P03.MP4,T3,10,Lihou_North_Feb2021,Pomacentridae,Pomacentrus,,2,
PL_L_LIHOUN_12-2-21_P03.MP4,T3,,Lihou_North_Feb2021,Monacanthidae,Cantherhines,dumerilii,1,
PL_L_LIHOUN_12-2-21_P03.MP4,T3,,Lihou_North_Feb2021,Balistidae,Sufflamen,chrysopterum,1,
PL_L_LIHOUN_12-2-21_P03.MP4,T3,13,Lihou_North_Feb2021,Pomacentridae,Stegastes,sp,1,
PL_L_LIHOUN_12-2-21_P03.MP4,T3,,Lihou_North_Feb2021,Labridae,Thalassoma,hardwicke,1,
PL_L_LIHOUN_12-2-21_P03.MP4,T3,10,Lihou_North_Feb2021,Labridae,Cirrhilabrus,,4,
PL_L_LIHOUN_12-2-21_P04.MP4,T4,,Lihou_North_Feb2021,Chaetodontidae,Chaetodon,mertensii,2,
PL_L_LIHOUN_12-2-21_P04.MP4,T4,,Lihou_North_Feb2021,Chaetodontidae,Chaetodon,kleinii,2,
PL_L_LIHOUN_12-2-21_P04.MP4,T4,,Lihou_North_Feb2021,Pomacentridae,Pomacentrus,moluccensis,4,
PL_L_LIHOUN_12-2-21_P04.MP4,T4,,Lihou_North_Feb2021,Labridae,Choerodon,jordani,2,
PL_L_LIHOUN_12-2-21_P04.MP4,T4,10,Lihou_North_Feb2021,Pomacentridae,Pomacentrus,,6,
PL_L_LIHOUN_12-2-21_P04.MP4,T4,18,Lihou_North_Feb2021,Scaridae,Scarus,,2,
PL_L_LIHOUN_12-2-21_P04.MP4,T4,17,Lihou_North_Feb2021,Acanthuridae,Ctenochaetus,,5,
PL_L_LIHOUN_12-2-21_P04.MP4,T4,,Lihou_North_Feb2021,Acanthuridae,Acanthurus,thompsoni,2,
PL_L_LIHOUN_12-2-21_P04.MP4,T4,,Lihou_North_Feb2021,Balistidae,Sufflamen,chrysopterum,1,
PL_L_LIHOUN_12-2-21_P04.MP4,T4,,Lihou_North_Feb2021,Labridae,Oxycheilinus,unifasciatus,1,
PL_L_LIHOUN_12-2-21_P04.MP4,T4,,Lihou_North_Feb2021,Monacanthidae,Cantherhines,dumerilii,1,
PL_L_LIHOUN_12-2-21_P04.MP4,T5,,Lihou_North_Feb2021,Monacanthidae,Cantherhines,dumerilii,1,
PL_L_LIHOUN_12-2-21_P04.MP4,T5,,Lihou_North_Feb2021,Balistidae,Rhinecanthus,rectangulus,1,
PL_L_LIHOUN_12-2-21_P04.MP4,T5,,Lihou_North_Feb2021,Pomacanthidae,Centropyge,bicolor,1,
PL_L_LIHOUN_12-2-21_P04.MP4,T5,,Lihou_North_Feb2021,Lethrinidae,Gymnocranius,euanus,1,
PL_L_LIHOUN_12-2-21_P04.MP4,T5,,Lihou_North_Feb2021,Balistidae,Melichthys,vidua,1,
PL_L_LIHOUN_12-2-21_P04.MP4,T5,,Lihou_North_Feb2021,Balistidae,Balistoides,viridescens,1,
PL_L_LIHOUN_12-2-21_P04.MP4,T5,,Lihou_North_Feb2021,Pomacentridae,Pomacentrus,moluccensis,2,
PL_L_LIHOUN_12-2-21_P04.MP4,T5,,Lihou_North_Feb2021,Chaetodontidae,Chaetodon,mertensii,2,
PL_L_LIHOUN_12-2-21_P04.MP4,T5,,Lihou_North_Feb2021,Chaetodontidae,Chaetodon,kleinii,1,
PL_L_LIHOUN_12-2-21_P05.MP4,T6,,Lihou_North_Feb2021,Lethrinidae,Gymnocranius,euanus,3,
PL_L_LIHOUN_12-2-21_P05.MP4,T6,,Lihou_North_Feb2021,Pomacanthidae,Centropyge,heraldi,1,
PL_L_LIHOUN_12-2-21_P05.MP4,T6,,Lihou_North_Feb2021,Pomacentridae,Chrysiptera,taupou,3,
PL_L_LIHOUN_12-2-21_P05.MP4,T6,,Lihou_North_Feb2021,Acanthuridae,Ctenochaetus,striatus,2,
PL_L_LIHOUN_12-2-21_P05.MP4,T6,10,Lihou_North_Feb2021,Labridae,Cirrhilabrus,,4,
PL_L_LIHOUN_12-2-21_P05.MP4,T6,,Lihou_North_Feb2021,Pomacentridae,Chromis,weberi,1,
PL_L_LIHOUN_12-2-21_P05.MP4,T6,,Lihou_North_Feb2021,Labridae,Oxycheilinus,unifasciatus,1,
PL_L_LIHOUN_12-2-21_P05.MP4,T6,,Lihou_North_Feb2021,Zanclidae,Zanclus,cornutus,1,
PL_L_LIHOUN_12-2-21_P05.MP4,T6,,Lihou_North_Feb2021,Pomacanthidae,Genicanthus,watanabei,8,
PL_L_LIHOUN_12-2-21_P05.MP4,T6,,Lihou_North_Feb2021,Acanthuridae,Zebrasoma,scopas,1,
PL_L_LIHOUN_12-2-21_P05.MP4,T6,,Lihou_North_Feb2021,Serranidae,Pseudanthias,pictilis,12,
PL_L_LIHOUN_12-2-21_P05.MP4,T6,,Lihou_North_Feb2021,Labridae,Thalassoma,lutescens,1,
PL_L_LIHOUN_12-2-21_P05.MP4,T6,,Lihou_North_Feb2021,Labridae,Oxycheilinus,unifasciatus,1,
PL_L_LIHOUN_12-2-21_P05.MP4,T6,,Lihou_North_Feb2021,Balistidae,Rhinecanthus,aculeatus,1,
PL_L_LIHOUN_12-2-21_P05.MP4,T6,24,Lihou_North_Feb2021,Scaridae,Scarus,forsteni,1,
PL_L_LIHOUN_12-2-21_P05.MP4,T6,,Lihou_North_Feb2021,Labridae,Choerodon,jordani,1,
PL_L_LIHOUN_12-2-21_P05.MP4,T6,,Lihou_North_Feb2021,Labridae,Bodianus,loxozonus,1,
PL_L_LIHOUN_12-2-21_P05.MP4,T6,,Lihou_North_Feb2021,Balistidae,Balistoides,viridescens,1,
PL_L_LIHOUN_12-2-21_P05.MP4,T6,,Lihou_North_Feb2021,Serranidae,Variola,louti,1,
PL_L_LIHOUN_12-2-21_P05.MP4,T6,,Lihou_North_Feb2021,Labridae,Bodianus,loxozonus,1,
PL_L_LIHOUN_12-2-21_P05.MP4,T6,,Lihou_North_Feb2021,Zanclidae,Zanclus,cornutus,3,
PL_L_LIHOUN_12-2-21_P05.MP4,T6,,Lihou_North_Feb2021,Pomacanthidae,Centropyge,heraldi,2,
PL_L_LIHOUN_12-2-21_P05.MP4,T7,,Lihou_North_Feb2021,Lutjanidae,Macolor,niger,1,
PL_L_LIHOUN_12-2-21_P05.MP4,T7,,Lihou_North_Feb2021,Pomacentridae,Chromis,iomelas,4,
PL_L_LIHOUN_12-2-21_P05.MP4,T7,,Lihou_North_Feb2021,Pomacentridae,Chromis,weberi,1,
PL_L_LIHOUN_12-2-21_P05.MP4,T7,,Lihou_North_Feb2021,Pomacentridae,Dascyllus,reticulatus,11,
PL_L_LIHOUN_12-2-21_P05.MP4,T7,,Lihou_North_Feb2021,Pomacanthidae,Centropyge,flavissima,1,
PL_L_LIHOUN_12-2-21_P05.MP4,T7,,Lihou_North_Feb2021,Pomacentridae,Chromis,iomelas,1,
PL_L_LIHOUN_12-2-21_P05.MP4,T7,11,Lihou_North_Feb2021,Pomacentridae,Pomacentrus,sp,1,
PL_L_LIHOUN_12-2-21_P05.MP4,T7,15,Lihou_North_Feb2021,Acanthuridae,Ctenochaetus,sp,1,
PL_L_LIHOUN_12-2-21_P05.MP4,T7,8,Lihou_North_Feb2021,Labridae,Cirrhilabrus,sp,4,
PL_L_LIHOUN_12-2-21_P05.MP4,T7,,Lihou_North_Feb2021,Acanthuridae,Acanthurus,dussumieri,1,
PL_L_LIHOUN_12-2-21_P05.MP4,T7,,Lihou_North_Feb2021,Acanthuridae,Acanthurus,dussumieri,1,
PL_L_LIHOUN_12-2-21_P05.MP4,T7,16,Lihou_North_Feb2021,Acanthuridae,Acanthurus,thompsoni,3,
PL_L_LIHOUN_12-2-21_P05.MP4,T7,17,Lihou_North_Feb2021,Acanthuridae,Acanthurus,thompsoni,23,
PL_L_LIHOUN_12-2-21_P05.MP4,T8,20,Lihou_North_Feb2021,Caesionidae,Caesio,lunaris,45,
PL_L_LIHOUN_12-2-21_P05.MP4,T8,20,Lihou_North_Feb2021,Caesionidae,Caesio,lunaris,45,
PL_L_LIHOUN_12-2-21_P05.MP4,T8,6,Lihou_North_Feb2021,Pomacentridae,Dascyllus,reticulatus,4,
PL_L_LIHOUN_12-2-21_P05.MP4,T8,,Lihou_North_Feb2021,Zanclidae,Zanclus,cornutus,2,
PL_L_LIHOUN_12-2-21_P05.MP4,T8,,Lihou_North_Feb2021,Pomacentridae,Chromis,iomelas,4,
PL_L_LIHOUN_12-2-21_P05.MP4,T8,,Lihou_North_Feb2021,Pomacentridae,Chromis,ternatensis,5,
PL_L_LIHOUN_12-2-21_P05.MP4,T8,45,Lihou_North_Feb2021,Acanthuridae,Naso,vlamingii,2,
PL_L_LIHOUN_12-2-21_P05.MP4,T8,6,Lihou_North_Feb2021,Pomacentridae,Chromis,ternatensis,6,
PL_L_LIHOUN_12-2-21_P05.MP4,T8,12,Lihou_North_Feb2021,Caesionidae,Caesio,lunaris,120,
PL_L_LIHOUN_12-2-21_P05.MP4,T8,16,Lihou_North_Feb2021,Acanthuridae,Acanthurus,thompsoni,25,
PL_L_LIHOUN_12-2-21_P05.MP4,T8,7,Lihou_North_Feb2021,Pomacentridae,Chromis,ternatensis,12,
PL_L_LIHOUN_12-2-21_P05.MP4,T8,20,Lihou_North_Feb2021,Scaridae,Scarus,sp,1,
PL_L_LIHOUN_12-2-21_P05.MP4,T8,10,Lihou_North_Feb2021,Pomacentridae,Dascyllus,reticulatus,5,
PL_L_LIHOUN_12-2-21_P05.MP4,T8,6,Lihou_North_Feb2021,Pomacentridae,Chromis,atripes,6,
PL_L_LIHOUN_12-2-21_P05.MP4,T8,14,Lihou_North_Feb2021,Pomacentridae,Acanthochromis,polyacanthus,4,
PL_L_LIHOUN_12-2-21_P05.MP4,T8,13,Lihou_North_Feb2021,Chaetodontidae,Forcipiger,flavissimus,1,
PL_L_LIHOUN_12-2-21_P05.MP4,T8,7,Lihou_North_Feb2021,Pomacentridae,Dascyllus,reticulatus,8,
PL_L_LIHOUN_12-2-21_P05.MP4,T8,16,Lihou_North_Feb2021,Acanthuridae,Ctenochaetus,striatus,2,
PL_L_LIHOUN_12-2-21_P05.MP4,T8,11,Lihou_North_Feb2021,Pomacentridae,Chromis,weberi,6,
PL_L_LIHOUN_12-2-21_P05.MP4,T8,7,Lihou_North_Feb2021,Pomacentridae,Dascyllus,reticulatus,20,
PL_L_LIHOUN_12-2-21_P05.MP4,T8,13,Lihou_North_Feb2021,Acanthuridae,Acanthurus,thompsoni,6,
PL_L_LIHOUN_12-2-21_P05.MP4,T8,10,Lihou_North_Feb2021,Acanthuridae,Zebrasoma,scopas,1,
PL_L_LIHOUN_12-2-21_P05.MP4,T8,,Lihou_North_Feb2021,Pomacentridae,Chromis,iomelas,12,
PL_L_LIHOUN_12-2-21_P05.MP4,T8,16,Lihou_North_Feb2021,Acanthuridae,Ctenochaetus,striatus,2,
PL_L_LIHOUN_12-2-21_P05.MP4,T8,22,Lihou_North_Feb2021,Labridae,Novaculichthys,taeniourus,1,
PL_L_LIHOUN_12-2-21_P05.MP4,T8,20,Lihou_North_Feb2021,Scaridae,Scarus,sp,4,
PL_L_LIHOUN_12-2-21_P05.MP4,T8,32,Lihou_North_Feb2021,Acanthuridae,Acanthurus,blochii,2,
PL_L_LIHOUN_12-2-21_P05.MP4,T8,,Lihou_North_Feb2021,Chaetodontidae,Chaetodon,pelewensis,2,
PL_L_LIHOUN_12-2-21_P05.MP4,T8,15,Lihou_North_Feb2021,Acanthuridae,Acanthurus,thompsoni,4,
PL_L_LIHOUN_12-2-21_P05.MP4,T8,13,Lihou_North_Feb2021,Chaetodontidae,Forcipiger,flavissimus,2,
PL_L_LIHOUN_12-2-21_P05.MP4,T8,22,Lihou_North_Feb2021,Acanthuridae,Acanthurus,pyroferus,3,
PL_L_LIHOUN_12-2-21_P05.MP4,T8,14,Lihou_North_Feb2021,Pomacentridae,Stegastes,sp,4,
PL_L_LIHOUN_12-2-21_P05.MP4,T8,,Lihou_North_Feb2021,Pomacanthidae,Centropyge,heraldi,2,
PL_L_LIHOUN_12-2-21_P05.MP4,T8,,Lihou_North_Feb2021,Pomacanthidae,Genicanthus,watanabei,6,
PL_L_LIHOUN_12-2-21_P05.MP4,T8,8,Lihou_North_Feb2021,Labridae,Pseudocheilinus,sp,4,
PL_L_LIHOUN_12-2-21_P05.MP4,T8,11,Lihou_North_Feb2021,Chaetodontidae,Forcipiger,flavissimus,1,
PL_L_LIHOUN_12-2-21_P05.MP4,T8,18,Lihou_North_Feb2021,Serranidae,Cephalopholis,urodeta,1,
PL_L_LIHOUN_12-2-21_P05.MP4,T8,20,Lihou_North_Feb2021,Scaridae,Scarus,sp,6,
PL_L_LIHOUN_12-2-21_P05.MP4,T8,20,Lihou_North_Feb2021,Acanthuridae,Acanthurus,pyroferus,2,
PL_L_LIHOUN_12-2-21_P05.MP4,T8,10,Lihou_North_Feb2021,Pomacentridae,Chromis,sp,2,
PL_L_LIHOUN_12-2-21_P05.MP4,T8,,Lihou_North_Feb2021,Pomacanthidae,Genicanthus,watanabei,5,
PL_L_LIHOUN_12-2-21_P05.MP4,T8,22,Lihou_North_Feb2021,Labridae,Oxycheilinus,unifasciatus,3,
PL_L_LIHOUN_12-2-21_P05.MP4,T8,11,Lihou_North_Feb2021,Labridae,Halichoeres,sp,13,
PL_L_LIHOUN_12-2-21_P05.MP4,T8,45,Lihou_North_Feb2021,Lutjanidae,Lutjanus,bohar,1,
PL_L_LIHOUN_12-2-21_P05.MP4,T8,23,Lihou_North_Feb2021,Mullidae,Parupeneus,multifasciatus,2,
PL_L_LIHOUN_12-2-21_P06.MP4,T8,11,Lihou_North_Feb2021,Chaetodontidae,Chaetodon,kleinii,2,
PL_L_LIHOUN_12-2-21_P06.MP4,T8,,Lihou_North_Feb2021,Labridae,Bodianus,loxozonus,1,
PL_L_LIHOUN_12-2-21_P06.MP4,T8,14,Lihou_North_Feb2021,Chaetodontidae,Chaetodon,vagabundus,1,
PL_L_LIHOUN_12-2-21_P06.MP4,T8,14,Lihou_North_Feb2021,Labridae,Choerodon,jordani,3,
PL_L_LIHOUN_12-2-21_P06.MP4,T8,20,Lihou_North_Feb2021,Balistidae,Sufflamen,,1,
PL_L_LIHOUN_12-2-21_P06.MP4,T8,16,Lihou_North_Feb2021,Labridae,Gomphosus,varius,3,
PL_L_LIHOUN_12-2-21_P06.MP4,T8,27,Lihou_North_Feb2021,Acanthuridae,Naso,lituratus,2,
PL_L_LIHOUN_12-2-21_P06.MP4,T8,26,Lihou_North_Feb2021,Acanthuridae,Acanthurus,sp,3,
PL_L_LIHOUN_12-2-21_P06.MP4,T8,14,Lihou_North_Feb2021,Labridae,Halichoeres,sp,4,
PL_L_LIHOUN_12-2-21_P06.MP4,T8,7,Lihou_North_Feb2021,Pomacentridae,Pomacentrus,sp,6,
PL_L_LIHOUN_12-2-21_P06.MP4,T9,15,Lihou_North_Feb2021,Acanthuridae,Ctenochaetus,striatus,2,
PL_L_LIHOUN_12-2-21_P06.MP4,T9,23,Lihou_North_Feb2021,Balistidae,Rhinecanthus,rectangulus,1,
PL_L_LIHOUN_12-2-21_P06.MP4,T9,10,Lihou_North_Feb2021,Pomacentridae,Amblyglyphidodon,aureus,2,
PL_L_LIHOUN_12-2-21_P06.MP4,T9,29,Lihou_North_Feb2021,Monacanthidae,Cantherhines,dumerilii,1,
PL_L_LIHOUN_12-2-21_P06.MP4,T9,19,Lihou_North_Feb2021,Acanthuridae,Acanthurus,pyroferus,1,
PL_L_LIHOUN_12-2-21_P06.MP4,T9,16,Lihou_North_Feb2021,Acanthuridae,Acanthurus,thompsoni,6,
PL_L_LIHOUN_12-2-21_P06.MP4,T9,11,Lihou_North_Feb2021,Pomacentridae,Amblyglyphidodon,aureus,2,
PL_L_LIHOUN_12-2-21_P06.MP4,T9,,Lihou_North_Feb2021,Lethrinidae,Gymnocranius,euanus,1,
PL_L_LIHOUN_12-2-21_P06.MP4,T9,,Lihou_North_Feb2021,Pomacentridae,Chromis,iomelas,5,
PL_L_LIHOUN_12-2-21_P06.MP4,T9,8,Lihou_North_Feb2021,Pomacentridae,Chromis,ternatensis,6,
PL_L_LIHOUN_12-2-21_P06.MP4,T9,40,Lihou_North_Feb2021,Lethrinidae,Monotaxis,grandoculis,1,
PL_L_LIHOUN_12-2-21_P06.MP4,T9,,Lihou_North_Feb2021,Pomacanthidae,Centropyge,heraldi,1,
PL_L_LIHOUN_12-2-21_P06.MP4,T9,10,Lihou_North_Feb2021,Pomacentridae,Amblyglyphidodon,aureus,1,
PL_L_LIHOUN_12-2-21_P06.MP4,T9,15,Lihou_North_Feb2021,Chaetodontidae,Forcipiger,flavissimus,2,
PL_L_LIHOUN_12-2-21_P06.MP4,T9,,Lihou_North_Feb2021,Acanthuridae,Acanthurus,nubilis,1,
PL_L_LIHOUN_12-2-21_P06.MP4,T9,9,Lihou_North_Feb2021,Chaetodontidae,Chaetodon,kleinii,2,
PL_L_LIHOUN_12-2-21_P06.MP4,T9,16,Lihou_North_Feb2021,Chaetodontidae,Chaetodon,ornatissimus,2,
PL_L_LIHOUN_12-2-21_P06.MP4,T9,10,Lihou_North_Feb2021,Pomacentridae,Amblyglyphidodon,aureus,1,
PL_L_LIHOUN_12-2-21_P06.MP4,T9,10,Lihou_North_Feb2021,Pomacentridae,Amblyglyphidodon,aureus,1,
PL_L_LIHOUN_12-2-21_P06.MP4,T9,10,Lihou_North_Feb2021,Pomacentridae,Amblyglyphidodon,aureus,1,
PL_L_LIHOUN_12-2-21_P06.MP4,T9,10,Lihou_North_Feb2021,Pomacentridae,Amblyglyphidodon,aureus,1,
PL_L_LIHOUN_12-2-21_P06.MP4,T9,10,Lihou_North_Feb2021,Pomacentridae,Amblyglyphidodon,aureus,1,
PL_L_LIHOUN_12-2-21_P06.MP4,T9,10,Lihou_North_Feb2021,Pomacentridae,Amblyglyphidodon,aureus,1,
PL_L_LIHOUN_12-2-21_P06.MP4,T9,11,Lihou_North_Feb2021,Acanthuridae,Acanthurus,nigrofuscus,5,
PL_L_LIHOUN_12-2-21_P06.MP4,T9,11,Lihou_North_Feb2021,Pomacentridae,Amblyglyphidodon,aureus,1,
PL_L_LIHOUN_12-2-21_P06.MP4,T10,,Lihou_North_Feb2021,Balistidae,Sufflamen,bursa,1,
PL_L_LIHOUN_12-2-21_P06.MP4,T10,,Lihou_North_Feb2021,Pomacentridae,Chromis,chrysura,5,
PL_L_LIHOUN_12-2-21_P06.MP4,T10,11,Lihou_North_Feb2021,Serranidae,Pseudanthias,pleurotaenia,4,
PL_L_LIHOUN_12-2-21_P06.MP4,T10,,Lihou_North_Feb2021,Chaetodontidae,Chaetodon,mertensii,1,
PL_L_LIHOUN_12-2-21_P07.MP4,T11,19,Lihou_North_Feb2021,Balistidae,Rhinecanthus,rectangulus,1,
PL_L_LIHOUN_12-2-21_P07.MP4,T11,10,Lihou_North_Feb2021,Pomacanthidae,Genicanthus,melanospilos,2,
PL_L_LIHOUN_12-2-21_P07.MP4,T11,17,Lihou_North_Feb2021,Labridae,Oxycheilinus,orientalis,1,
PL_L_LIHOUN_12-2-21_P07.MP4,T11,11.3,Lihou_North_Feb2021,Pomacanthidae,Genicanthus,melanospilos,1,
PL_L_LIHOUN_12-2-21_P07.MP4,T11,8,Lihou_North_Feb2021,Pomacentridae,Chromis,amboinensis,6,
PL_L_LIHOUN_12-2-21_P07.MP4,T11,9.4,Lihou_North_Feb2021,Pomacanthidae,Genicanthus,melanospilos,3,
PL_L_LIHOUN_12-2-21_P07.MP4,T11,42,Lihou_North_Feb2021,Lutjanidae,Lutjanus,bohar,1,
PL_L_LIHOUN_12-2-21_P07.MP4,T11,10,Lihou_North_Feb2021,Pomacentridae,Pomacentrus,sp,4,
PL_L_LIHOUN_12-2-21_P07.MP4,T11,8,Lihou_North_Feb2021,Pomacentridae,Chromis,ternatensis,6,
PL_L_LIHOUN_12-2-21_P07.MP4,T11,35,Lihou_North_Feb2021,Pomacanthidae,Pomacanthus,semicirculatus,1,
PL_L_LIHOUN_12-2-21_P07.MP4,T11,19,Lihou_North_Feb2021,Labridae,Bodianus,anthioides,1,
PL_L_LIHOUN_12-2-21_P07.MP4,T11,16,Lihou_North_Feb2021,Labridae,Oxycheilinus,orientalis,2,
PL_L_LIHOUN_12-2-21_P07.MP4,T11,14,Lihou_North_Feb2021,Chaetodontidae,Chaetodon,kleinii,2,
PL_L_LIHOUN_12-2-21_P07.MP4,T11,11,Lihou_North_Feb2021,Pomacentridae,Amblyglyphidodon,aureus,1,
PL_L_LIHOUN_12-2-21_P07.MP4,T11,15,Lihou_North_Feb2021,Serranidae,Pseudanthias,pleurotaenia,15,
PL_L_LIHOUN_12-2-21_P07.MP4,T11,19,Lihou_North_Feb2021,Mullidae,Parupeneus,multifasciatus,1,
PL_L_LIHOUN_12-2-21_P07.MP4,T11,15,Lihou_North_Feb2021,Serranidae,Pseudanthias,rubrizonatus,9,
PL_L_LIHOUN_12-2-21_P07.MP4,T11,12,Lihou_North_Feb2021,Labridae,,sp,6,
PL_L_LIHOUN_12-2-21_P07.MP4,T11,8,Lihou_North_Feb2021,Labridae,Cirrhilabrus,sp,8,
PL_L_LIHOUN_12-2-21_P07.MP4,T11,6,Lihou_North_Feb2021,Pomacentridae,Chromis,amboinensis,6,
PL_L_LIHOUN_12-2-21_P07.MP4,T11,54,Lihou_North_Feb2021,Serranidae,Plectropomus,laevis,1,
PL_L_LIHOUN_12-2-21_P07.MP4,T11,68,Lihou_North_Feb2021,Acanthuridae,Naso,annulatus,11,
PL_L_LIHOUN_12-2-21_P07.MP4,T12,16,Lihou_North_Feb2021,Acanthuridae,Acanthurus,thompsoni,13,
PL_L_LIHOUN_12-2-21_P07.MP4,T12,11,Lihou_North_Feb2021,Pomacentridae,Amblyglyphidodon,aureus,4,
PL_L_LIHOUN_12-2-21_P07.MP4,T12,17,Lihou_North_Feb2021,Zanclidae,Zanclus,cornutus,1,
PL_L_LIHOUN_12-2-21_P07.MP4,T12,16,Lihou_North_Feb2021,Acanthuridae,Acanthurus,thompsoni,15,
PL_L_LIHOUN_12-2-21_P07.MP4,T12,9,Lihou_North_Feb2021,Pomacentridae,Chromis,sp,18,
PL_L_LIHOUN_12-2-21_P07.MP4,T12,,Lihou_North_Feb2021,Acanthuridae,Acanthurus,pyroferus,1,
PL_L_LIHOUN_12-2-21_P07.MP4,T12,8,Lihou_North_Feb2021,Pomacentridae,Amblyglyphidodon,aureus,2,
PL_L_LIHOUN_12-2-21_P07.MP4,T12,15,Lihou_North_Feb2021,Chaetodontidae,Forcipiger,flavissimus,1,
PL_L_LIHOUN_12-2-21_P07.MP4,T12,25,Lihou_North_Feb2021,Scaridae,Scarus,chameleon,1,
PL_L_LIHOUN_12-2-21_P07.MP4,T12,14,Lihou_North_Feb2021,Labridae,Bodianus,axillaris,1,
PL_L_LIHOUN_12-2-21_P07.MP4,T12,17,Lihou_North_Feb2021,Labridae,Bodianus,dictynna,1,
PL_L_LIHOUN_12-2-21_P07.MP4,T12,11,Lihou_North_Feb2021,Pomacentridae,Amblyglyphidodon,aureus,3,
PL_L_LIHOUN_12-2-21_P07.MP4,T12,11,Lihou_North_Feb2021,Pomacentridae,Amblyglyphidodon,aureus,1,
PL_L_LIHOUN_12-2-21_P07.MP4,T12,9,Lihou_North_Feb2021,Pomacentridae,Chromis,amboinensis,1,
PL_L_LIHOUN_12-2-21_P07.MP4,T12,16,Lihou_North_Feb2021,Acanthuridae,Acanthurus,thompsoni,1,
PL_L_LIHOUN_12-2-21_P07.MP4,T12,11,Lihou_North_Feb2021,Pomacentridae,Amblyglyphidodon,aureus,2,
PL_L_LIHOUN_12-2-21_P07.MP4,T12,7,Lihou_North_Feb2021,Pomacentridae,Chromis,,6,
PL_L_LIHOUN_12-2-21_P07.MP4,T12,12,Lihou_North_Feb2021,Labridae,Cirrhilabrus,,2,
PL_L_LIHOUN_12-2-21_P07.MP4,T13,20,Lihou_North_Feb2021,Acanthuridae,Acanthurus,thompsoni,17,
PL_L_LIHOUN_12-2-21_P07.MP4,T13,16,Lihou_North_Feb2021,Chaetodontidae,Forcipiger,flavissimus,1,
PL_L_LIHOUN_12-2-21_P07.MP4,T13,12,Lihou_North_Feb2021,Serranidae,Pseudanthias,pleurotaenia,3,
PL_L_LIHOUN_12-2-21_P07.MP4,T13,,Lihou_North_Feb2021,Pomacentridae,Chromis,iomelas,5,
PL_L_LIHOUN_12-2-21_P07.MP4,T13,17,Lihou_North_Feb2021,Acanthuridae,Acanthurus,sp,1,
PL_L_LIHOUN_12-2-21_P07.MP4,T13,18,Lihou_North_Feb2021,Acanthuridae,Acanthurus,thompsoni,7,
PL_L_LIHOUN_12-2-21_P07.MP4,T13,12,Lihou_North_Feb2021,Pomacentridae,Amblyglyphidodon,aureus,2,
PL_L_LIHOUN_12-2-21_P07.MP4,T13,8,Lihou_North_Feb2021,Pomacentridae,Chromis,amboinensis,5,
PL_L_LIHOUN_12-2-21_P07.MP4,T13,12,Lihou_North_Feb2021,Chaetodontidae,Chaetodon,kleinii,1,
PL_L_LIHOUN_12-2-21_P07.MP4,T13,10,Lihou_North_Feb2021,Pomacentridae,Chromis,amboinensis,7,
PL_L_LIHOUN_12-2-21_P07.MP4,T13,17,Lihou_North_Feb2021,Chaetodontidae,Forcipiger,flavissimus,1,
PL_L_LIHOUN_12-2-21_P07.MP4,T13,9,Lihou_North_Feb2021,Pomacentridae,Chromis,amboinensis,8,
PL_L_LIHOUN_12-2-21_P07.MP4,T13,18,Lihou_North_Feb2021,Acanthuridae,Acanthurus,thompsoni,6,
PL_L_LIHOUN_12-2-21_P08.MP4,T13,13,Lihou_North_Feb2021,Chaetodontidae,Chaetodon,kleinii,2,
PL_L_LIHOUN_12-2-21_P08.MP4,T13,16,Lihou_North_Feb2021,Acanthuridae,Acanthurus,thompsoni,5,
PL_L_LIHOUN_12-2-21_P08.MP4,T13,8,Lihou_North_Feb2021,Pomacentridae,Chromis,amboinensis,12,
PL_L_LIHOUN_12-2-21_P08.MP4,T13,19,Lihou_North_Feb2021,Acanthuridae,Ctenochaetus,striatus,1,
PL_L_LIHOUN_12-2-21_P08.MP4,T13,33.4,Lihou_North_Feb2021,Scaridae,Scarus,longipinnis,1,
PL_L_LIHOUN_12-2-21_P08.MP4,T13,25,Lihou_North_Feb2021,Mullidae,Parupeneus,multifasciatus,1,
PL_L_LIHOUN_12-2-21_P08.MP4,T13,22,Lihou_North_Feb2021,Lutjanidae,Lutjanus,kasmira,1,
PL_L_LIHOUN_12-2-21_P08.MP4,T13,12,Lihou_North_Feb2021,Labridae,Labroides,dimidiatus,1,
PL_L_LIHOUN_12-2-21_P08.MP4,T13,23,Lihou_North_Feb2021,Acanthuridae,Acanthurus,olivaceus,1,
PL_L_LIHOUN_12-2-21_P08.MP4,T13,16,Lihou_North_Feb2021,Chaetodontidae,Forcipiger,flavissimus,1,
PL_L_LIHOUN_12-2-21_P08.MP4,T13,17,Lihou_North_Feb2021,Acanthuridae,Acanthurus,thompsoni,12,