Filename,Period,Length_mm,OpCode,Family,Genus,Species,Number,Comment
PL_L_WILL_14-2-21_P01.MP4,T1,1347.33,Willis_Feb21,Carcharhinidae,Carcharhinus,amblyrhynchos,1,
PL_L_WILL_14-2-21_P01.MP4,T1,1931.055,Willis_Feb21,Carcharhinidae,Carcharhinus,amblyrhynchos,8,
PL_L_WILL_14-2-21_P01.MP4,T1,163.102,Willis_Feb21,Acanthuridae,Acanthurus,thompsoni,1,
PL_L_WILL_14-2-21_P01.MP4,T1,1015.696,Willis_Feb21,Carcharhinidae,Carcharhinus,amblyrhynchos,1,
PL_L_WILL_14-2-21_P01.MP4,T1,180.25,Willis_Feb21,Lutjanidae,Lutjanus,kasmira,4,
PL_L_WILL_14-2-21_P01.MP4,T1,178.212,Willis_Feb21,Lethrinidae,Gnathodentex,aureolineatus,12,
PL_L_WILL_14-2-21_P01.MP4,T1,231.94,Willis_Feb21,Lutjanidae,Lutjanus,kasmira,14,
PL_L_WILL_14-2-21_P01.MP4,T1,170.553,Willis_Feb21,Lethrinidae,Gnathodentex,aureolineatus,16,
PL_L_WILL_14-2-21_P01.MP4,T1,57.072,Willis_Feb21,Pomacentridae,Chromis,amboinensis,16,
PL_L_WILL_14-2-21_P01.MP4,T1,74.847,Willis_Feb21,Chaetodontidae,Chaetodon,mertensii,1,
PL_L_WILL_14-2-21_P01.MP4,T1,2154.118,Willis_Feb21,Carcharhinidae,Carcharhinus,amblyrhynchos,1,
PL_L_WILL_14-2-21_P01.MP4,T1,149.892,Willis_Feb21,Acanthuridae,Acanthurus,pyroferus,1,
PL_L_WILL_14-2-21_P01.MP4,T1,115.947,Willis_Feb21,Pomacentridae,Chromis,weberi,9,
PL_L_WILL_14-2-21_P01.MP4,T1,137.317,Willis_Feb21,Pomacentridae,Amblyglyphidodon,aureus,4,
PL_L_WILL_14-2-21_P01.MP4,T1,172.118,Willis_Feb21,Holocentridae,Myripristis,kuntee,1,
PL_L_WILL_14-2-21_P01.MP4,T1,57.266,Willis_Feb21,Pomacentridae,Chromis,amboinensis,16,
PL_L_WILL_14-2-21_P01.MP4,T1,269.377,Willis_Feb21,Mullidae,Parupeneus,spilurus,1,
PL_L_WILL_14-2-21_P01.MP4,T1,246.934,Willis_Feb21,Acanthuridae,Acanthurus,nigricans,1,
PL_L_WILL_14-2-21_P01.MP4,T2,334.7,Willis_Feb21,Lethrinidae,Gymnocranius,euanus,1,
PL_L_WILL_14-2-21_P01.MP4,T2,84.654,Willis_Feb21,Pomacentridae,Chromis,agilis,4,
PL_L_WILL_14-2-21_P01.MP4,T2,62.913,Willis_Feb21,Pomacentridae,Chromis,amboinensis,12,
PL_L_WILL_14-2-21_P01.MP4,T2,553.103,Willis_Feb21,Serranidae,Variola,louti,1,
PL_L_WILL_14-2-21_P01.MP4,T2,107.595,Willis_Feb21,Chaetodontidae,Chaetodon,ornatissimus,1,
PL_L_WILL_14-2-21_P01.MP4,T2,151.167,Willis_Feb21,Acanthuridae,Acanthurus,pyroferus,2,
PL_L_WILL_14-2-21_P01.MP4,T2,147.013,Willis_Feb21,Chaetodontidae,Forcipiger,flavissimus,2,
PL_L_WILL_14-2-21_P01.MP4,T2,152.925,Willis_Feb21,Acanthuridae,Acanthurus,thompsoni,6,
PL_L_WILL_14-2-21_P02.MP4,T3,116.338,Willis_Feb21,Chaetodontidae,Chaetodon,melannotus,2,
PL_L_WILL_14-2-21_P02.MP4,T3,213.725,Willis_Feb21,Chaetodontidae,Forcipiger,flavissimus,1,
PL_L_WILL_14-2-21_P02.MP4,T3,178.777,Willis_Feb21,Zanclidae,Zanclus,cornutus,1,
PL_L_WILL_14-2-21_P02.MP4,T3,69.231,Willis_Feb21,Pomacentridae,Chromis,amboinensis,8,
PL_L_WILL_14-2-21_P02.MP4,T3,188.934,Willis_Feb21,Mullidae,Parupeneus,multifasciatus,2,
PL_L_WILL_14-2-21_P02.MP4,T3,75.838,Willis_Feb21,Pomacanthidae,Genicanthus,melanospilos,2,
PL_L_WILL_14-2-21_P02.MP4,T4,1491.715,Willis_Feb21,Carcharhinidae,Carcharhinus,amblyrhynchos,1,
PL_L_WILL_14-2-21_P02.MP4,T4,142.477,Willis_Feb21,Acanthuridae,Acanthurus,pyroferus,1,
PL_L_WILL_14-2-21_P02.MP4,T4,82.641,Willis_Feb21,Pomacanthidae,Centropyge,flavissima,2,
PL_L_WILL_14-2-21_P02.MP4,T4,186.951,Willis_Feb21,Acanthuridae,Ctenochaetus,striatus,2,
PL_L_WILL_14-2-21_P02.MP4,T4,68.151,Willis_Feb21,Pomacentridae,Chromis,amboinensis,7,
PL_L_WILL_14-2-21_P02.MP4,T4,198.444,Willis_Feb21,Lethrinidae,Gymnocranius,euanus,1,
PL_L_WILL_14-2-21_P02.MP4,T4,1909.287,Willis_Feb21,Carcharhinidae,Carcharhinus,albimarginatus,1,
PL_L_WILL_14-2-21_P02.MP4,T4,101.604,Willis_Feb21,Malacanthidae,Hoplolatilus,starcki,2,
PL_L_WILL_14-2-21_P02.MP4,T4,515.324,Willis_Feb21,,,,1,cucumber black
PL_L_WILL_14-2-21_P03.MP4,T5,97.713,Willis_Feb21,Chaetodontidae,Chaetodon,mertensii,2,
PL_L_WILL_14-2-21_P03.MP4,T5,1354.109,Willis_Feb21,Carcharhinidae,Carcharhinus,amblyrhynchos,1,
PL_L_WILL_14-2-21_P03.MP4,T5,464.271,Willis_Feb21,Echeneidae,Echeneis,naucrates,2,
PL_L_WILL_14-2-21_P03.MP4,T5,512.667,Willis_Feb21,Acanthuridae,Naso,vlamingii,1,
PL_L_WILL_14-2-21_P03.MP4,T5,2289.121,Willis_Feb21,Carcharhinidae,Carcharhinus,amblyrhynchos,1,
PL_L_WILL_14-2-21_P03.MP4,T6,123.097,Willis_Feb21,Acanthuridae,Acanthurus,pyroferus,1,
PL_L_WILL_14-2-21_P03.MP4,T6,106.553,Willis_Feb21,Chaetodontidae,Hemitaurichthys,polylepis,12,
PL_L_WILL_14-2-21_P03.MP4,T6,224.882,Willis_Feb21,Acanthuridae,Acanthurus,thompsoni,4,
PL_L_WILL_14-2-21_P03.MP4,T6,129.976,Willis_Feb21,Pomacentridae,Chromis,xanthochira,2,
PL_L_WILL_14-2-21_P03.MP4,T6,220.431,Willis_Feb21,Scaridae,Scarus,flavipectoralis,1,
PL_L_WILL_14-2-21_P03.MP4,T6,175.616,Willis_Feb21,Acanthuridae,Acanthurus,pyroferus,1,
PL_L_WILL_14-2-21_P03.MP4,T6,151.977,Willis_Feb21,Acanthuridae,Acanthurus,thompsoni,4,
PL_L_WILL_14-2-21_P03.MP4,T6,80.463,Willis_Feb21,Chaetodontidae,Forcipiger,flavissimus,1,
PL_L_WILL_14-2-21_P03.MP4,T6,119.822,Willis_Feb21,Chaetodontidae,Hemitaurichthys,polylepis,8,
PL_L_WILL_14-2-21_P03.MP4,T6,480.486,Willis_Feb21,Serranidae,Variola,louti,1,
PL_L_WILL_14-2-21_P03.MP4,T6,189.008,Willis_Feb21,Lutjanidae,Lutjanus,kasmira,2,
PL_L_WILL_14-2-21_P03.MP4,T6,214.964,Willis_Feb21,Lutjanidae,Lutjanus,kasmira,1,
PL_L_WILL_14-2-21_P03.MP4,T6,164.999,Willis_Feb21,Acanthuridae,Acanthurus,thompsoni,1,
PL_L_WILL_14-2-21_P03.MP4,T6,78.262,Willis_Feb21,Pomacentridae,Chromis,amboinensis,3,
PL_L_WILL_14-2-21_P03.MP4,T7,2469.634,Willis_Feb21,Carcharhinidae,Carcharhinus,albimarginatus,2,
PL_L_WILL_14-2-21_P03.MP4,T7,1149.617,Willis_Feb21,Carcharhinidae,Carcharhinus,amblyrhynchos,4,
PL_L_WILL_14-2-21_P04.MP4,T8,57.187,Willis_Feb21,Pomacentridae,Chromis,amboinensis,4,
PL_L_WILL_14-2-21_P04.MP4,T8,51.314,Willis_Feb21,Pomacentridae,Pomacentrus,sp,3,
PL_L_WILL_14-2-21_P04.MP4,T8,41.976,Willis_Feb21,Pomacentridae,Chromis,iomelas,6,
PL_L_WILL_14-2-21_P04.MP4,T8,74.531,Willis_Feb21,Acanthuridae,Zebrasoma,scopas,1,
PL_L_WILL_14-2-21_P04.MP4,T8,63.006,Willis_Feb21,Pomacentridae,Chromis,amboinensis,3,
PL_L_WILL_14-2-21_P04.MP4,T8,71.294,Willis_Feb21,Pomacentridae,Chromis,iomelas,2,
PL_L_WILL_14-2-21_P04.MP4,T8,360.994,Willis_Feb21,Tetraodontidae,Arothron,mappa,1,
PL_L_WILL_14-2-21_P04.MP4,T8,131.272,Willis_Feb21,Acanthuridae,Acanthurus,thompsoni,4,
PL_L_WILL_14-2-21_P04.MP4,T8,193.74,Willis_Feb21,Lutjanidae,Lutjanus,kasmira,2,
PL_L_WILL_14-2-21_P04.MP4,T9,112.525,Willis_Feb21,Acanthuridae,Acanthurus,thompsoni,1,
PL_L_WILL_14-2-21_P04.MP4,T9,53.04,Willis_Feb21,Pomacentridae,Chromis,iomelas,1,
PL_L_WILL_14-2-21_P04.MP4,T9,37.619,Willis_Feb21,Labridae,,,1,
PL_L_WILL_14-2-21_P04.MP4,T9,77.642,Willis_Feb21,Malacanthidae,Hoplolatilus,starcki,2,
PL_L_WILL_14-2-21_P04.MP4,T9,71.125,Willis_Feb21,Pomacentridae,Pomacentrus,sp,4,
PL_L_WILL_14-2-21_P04.MP4,T9,228.833,Willis_Feb21,Scaridae,Scarus,chameleon,1,
PL_L_WILL_14-2-21_P04.MP4,T9,158.677,Willis_Feb21,Acanthuridae,Acanthurus,sp,2,
PL_L_WILL_14-2-21_P04.MP4,T9,162.379,Willis_Feb21,Chaetodontidae,Chaetodon,mertensii,1,
PL_L_WILL_14-2-21_P04.MP4,T9,56.745,Willis_Feb21,Pomacentridae,Chromis,ternatensis,4,
PL_L_WILL_14-2-21_P04.MP4,T9,273.83,Willis_Feb21,,,,1,cucumber_T9_2
PL_L_WILL_14-2-21_P04.MP4,T9,500.88,Willis_Feb21,,,,1,cucumber_T9_1
PL_L_WILL_14-2-21_P04.MP4,T9,172.407,Willis_Feb21,Malacanthidae,Hoplolatilus,starcki,1,
PL_L_WILL_14-2-21_P04.MP4,T9,1763.237,Willis_Feb21,Balistidae,Sufflamen,bursa,1,
PL_L_WILL_14-2-21_P04.MP4,T9,1072.879,Willis_Feb21,Pomacanthidae,Genicanthus,melanospilos,3,
PL_L_WILL_14-2-21_P04.MP4,T9,68.178,Willis_Feb21,Labridae,Pseudocoris,spp,6,
PL_L_WILL_14-2-21_P05.MP4,T9,267.153,Willis_Feb21,Holocentridae,Myripristis,kuntee,1,
PL_L_WILL_14-2-21_P05.MP4,T9,100.51,Willis_Feb21,Chaetodontidae,Hemitaurichthys,polylepis,4,
PL_L_WILL_14-2-21_P05.MP4,T9,95.917,Willis_Feb21,Acanthuridae,Acanthurus,pyroferus,2,
PL_L_WILL_14-2-21_P05.MP4,T9,245.328,Willis_Feb21,Caesionidae,Caesio,lunaris,6,
PL_L_WILL_14-2-21_P05.MP4,T9,72.746,Willis_Feb21,Pomacentridae,Amblyglyphidodon,aureus,1,
PL_L_WILL_14-2-21_P05.MP4,T10,77.331,Willis_Feb21,Chaetodontidae,Forcipiger,flavissimus,1,
PL_L_WILL_14-2-21_P05.MP4,T10,60.491,Willis_Feb21,Pomacentridae,Chromis,amboinensis,8,
PL_L_WILL_14-2-21_P05.MP4,T10,82.013,Willis_Feb21,Mullidae,Parupeneus,multifasciatus,2,
PL_L_WILL_14-2-21_P05.MP4,T10,340.138,Willis_Feb21,Lethrinidae,Gymnocranius,euanus,1,
PL_L_WILL_14-2-21_P05.MP4,T10,425.831,Willis_Feb21,,,,1,cucumber_T10_1
PL_L_WILL_14-2-21_P05.MP4,T10,147.786,Willis_Feb21,Chaetodontidae,Forcipiger,flavissimus,5,
PL_L_WILL_14-2-21_P05.MP4,T10,75.136,Willis_Feb21,Pomacanthidae,Genicanthus,watanabei,6,
PL_L_WILL_14-2-21_P05.MP4,T10,104.198,Willis_Feb21,Chaetodontidae,Chaetodon,lunulatus,2,
PL_L_WILL_14-2-21_P05.MP4,T10,194.217,Willis_Feb21,Scaridae,Scarus,schlegeli,2,
PL_L_WILL_14-2-21_P05.MP4,T10,154.072,Willis_Feb21,Mullidae,Parupeneus,multifasciatus,2,
PL_L_WILL_14-2-21_P05.MP4,T10,137.072,Willis_Feb21,Chaetodontidae,Hemitaurichthys,polylepis,5,
PL_L_WILL_14-2-21_P05.MP4,T10,232.315,Willis_Feb21,Acanthuridae,Ctenochaetus,striatus,3,
PL_L_WILL_14-2-21_P05.MP4,T10,343.328,Willis_Feb21,Scaridae,Chlorurus,sordidus,1,
PL_L_WILL_14-2-21_P05.MP4,T10,95.489,Willis_Feb21,Labridae,Bodianus,anthioides,1,
PL_L_WILL_14-2-21_P05.MP4,T10,167.232,Willis_Feb21,Chaetodontidae,Forcipiger,flavissimus,4,
PL_L_WILL_14-2-21_P05.MP4,T10,119.658,Willis_Feb21,Chaetodontidae,Hemitaurichthys,polylepis,8,
PL_L_WILL_14-2-21_P05.MP4,T10,172.171,Willis_Feb21,Acanthuridae,Acanthurus,,6,
PL_L_WILL_14-2-21_P05.MP4,T10,192.177,Willis_Feb21,Acanthuridae,Acanthurus,thompsoni,2,
PL_L_WILL_14-2-21_P05.MP4,T11,1992.407,Willis_Feb21,Carcharhinidae,Carcharhinus,amblyrhynchos,1,
PL_L_WILL_14-2-21_P05.MP4,T11,452.908,Willis_Feb21,Tetraodontidae,Arothron,caeruleopunctatus,1,
PL_L_WILL_14-2-21_P05.MP4,T11,108.177,Willis_Feb21,Acanthuridae,Acanthurus,pyroferus,1,
PL_L_WILL_14-2-21_P05.MP4,T11,878.402,Willis_Feb21,,,,1,green turtle
PL_L_WILL_14-2-21_P05.MP4,T11,118.5,Willis_Feb21,Acanthuridae,Acanthurus,thompsoni,12,
PL_L_WILL_14-2-21_P05.MP4,T11,65.731,Willis_Feb21,Pomacentridae,Chromis,amboinensis,8,
PL_L_WILL_14-2-21_P05.MP4,T11,135.236,Willis_Feb21,Acanthuridae,Ctenochaetus,striatus,2,
PL_L_WILL_14-2-21_P05.MP4,T11,225.258,Willis_Feb21,Acanthuridae,Acanthurus,pyroferus,2,
PL_L_WILL_14-2-21_P05.MP4,T11,164.222,Willis_Feb21,Pomacanthidae,Pygoplites,diacanthus,1,
PL_L_WILL_14-2-21_P05.MP4,T11,104.904,Willis_Feb21,Acanthuridae,Acanthurus,thompsoni,4,
PL_L_WILL_14-2-21_P05.MP4,T12,1439.888,Willis_Feb21,Carcharhinidae,Carcharhinus,albimarginatus,1,
PL_L_WILL_14-2-21_P06.MP4,T12,130.455,Willis_Feb21,Chaetodontidae,Chaetodon,plebeius,2,
PL_L_WILL_14-2-21_P06.MP4,T12,116.861,Willis_Feb21,Pomacentridae,Chromis,weberi,2,
PL_L_WILL_14-2-21_P06.MP4,T12,202.169,Willis_Feb21,Acanthuridae,Acanthurus,nigrofuscus,1,
PL_L_WILL_14-2-21_P06.MP4,T13,57.243,Willis_Feb21,Pomacentridae,Dascyllus,reticulatus,6,
PL_L_WILL_14-2-21_P06.MP4,T13,77.189,Willis_Feb21,Pomacentridae,Chromis,amboinensis,5,
PL_L_WILL_14-2-21_P06.MP4,T13,49.419,Willis_Feb21,Pomacentridae,Chromis,iomelas,8,
PL_L_WILL_14-2-21_P06.MP4,T13,92.456,Willis_Feb21,Chaetodontidae,Hemitaurichthys,polylepis,2,
PL_L_WILL_14-2-21_P07.MP4,T13,744.392,Willis_Feb21,Haemulidae,Plectorhinchus,picus,2,
PL_L_WILL_14-2-21_P07.MP4,T13,328.688,Willis_Feb21,Caesionidae,Caesio,lunaris,4,
PL_L_WILL_14-2-21_P07.MP4,T13,71.36,Willis_Feb21,Pomacentridae,Chromis,amboinensis,11,
PL_L_WILL_14-2-21_P07.MP4,T14,89.147,Willis_Feb21,Pomacentridae,Acanthochromis,polyacanthus,4,
PL_L_WILL_14-2-21_P07.MP4,T14,91.62,Willis_Feb21,Pomacentridae,Amblyglyphidodon,aureus,1,
PL_L_WILL_14-2-21_P07.MP4,T15,103.103,Willis_Feb21,Pomacentridae,Chromis,weberi,2,
PL_L_WILL_14-2-21_P07.MP4,T15,122.32,Willis_Feb21,Acanthuridae,Acanthurus,thompsoni,3,
PL_L_WILL_14-2-21_P07.MP4,T15,88.48,Willis_Feb21,Labridae,,sp,1,
PL_L_WILL_14-2-21_P07.MP4,T15,158.979,Willis_Feb21,Acanthuridae,Acanthurus,nigrofuscus,1,
PL_L_WILL_14-2-21_P07.MP4,T15,91.027,Willis_Feb21,Chaetodontidae,Chaetodon,pelewensis,1,
PL_L_WILL_14-2-21_P07.MP4,T15,103.431,Willis_Feb21,Pomacanthidae,Genicanthus,melanospilos,1,
PL_L_WILL_14-2-21_P07.MP4,T15,223.094,Willis_Feb21,Acanthuridae,Acanthurus,pyroferus,1,
PL_L_WILL_14-2-21_P07.MP4,T15,157.711,Willis_Feb21,Acanthuridae,Acanthurus,sp,1,
PL_L_WILL_14-2-21_P07.MP4,T15,95.657,Willis_Feb21,Pomacentridae,Chromis,amboinensis,6,
PL_L_WILL_14-2-21_P08.MP4,T15,322.299,Willis_Feb21,Mullidae,Parupeneus,multifasciatus,1,
PL_L_WILL_14-2-21_P08.MP4,T15,171.11,Willis_Feb21,Acanthuridae,Acanthurus,pyroferus,1,
PL_L_WILL_14-2-21_P08.MP4,T15,170.434,Willis_Feb21,Chaetodontidae,Hemitaurichthys,polylepis,3,
PL_L_WILL_14-2-21_P08.MP4,T15,55.604,Willis_Feb21,Pomacanthidae,Genicanthus,melanospilos,2,
PL_L_WILL_14-2-21_P01.MP4,T1,,Willis_Feb21,Lethrinidae,Gymnocranius,euanus,1,
PL_L_WILL_14-2-21_P01.MP4,T1,13,Willis_Feb21,Acanthuridae,Ctenochaetus,striatus,4,
PL_L_WILL_14-2-21_P01.MP4,T1,41,Willis_Feb21,Scaridae,Hipposcarus,longiceps,1,
PL_L_WILL_14-2-21_P01.MP4,T1,15,Willis_Feb21,Chaetodontidae,Hemitaurichthys,polylepis,4,
PL_L_WILL_14-2-21_P01.MP4,T1,12,Willis_Feb21,Chaetodontidae,Chaetodon,kleinii,1,
PL_L_WILL_14-2-21_P01.MP4,T1,14,Willis_Feb21,Labridae,Halichoeres,sp,1,
PL_L_WILL_14-2-21_P01.MP4,T1,11,Willis_Feb21,Pomacentridae,Pomacentrus,sp,1,
PL_L_WILL_14-2-21_P01.MP4,T1,,Willis_Feb21,Pomacentridae,Chromis,iomelas,8,
PL_L_WILL_14-2-21_P01.MP4,T1,,Willis_Feb21,Chaetodontidae,Chaetodon,mertensii,1,
PL_L_WILL_14-2-21_P01.MP4,T1,8,Willis_Feb21,Pomacentridae,Chromis,amboinensis,12,
PL_L_WILL_14-2-21_P01.MP4,T1,,Willis_Feb21,Pomacentridae,Chromis,iomelas,8,
PL_L_WILL_14-2-21_P01.MP4,T1,18,Willis_Feb21,Serranidae,Plectropomus,leopardus,1,
PL_L_WILL_14-2-21_P01.MP4,T1,7,Willis_Feb21,Pomacentridae,Chromis,amboinensis,8,
PL_L_WILL_14-2-21_P01.MP4,T1,16,Willis_Feb21,Chaetodontidae,Forcipiger,flavissimus,1,
PL_L_WILL_14-2-21_P01.MP4,T1,18,Willis_Feb21,Acanthuridae,Ctenochaetus,striatus,1,
PL_L_WILL_14-2-21_P01.MP4,T1,,Willis_Feb21,Pomacentridae,Chromis,iomelas,14,
PL_L_WILL_14-2-21_P01.MP4,T1,17,Willis_Feb21,Acanthuridae,Acanthurus,thompsoni,4,
PL_L_WILL_14-2-21_P01.MP4,T1,,Willis_Feb21,Pomacentridae,Chromis,iomelas,2,
PL_L_WILL_14-2-21_P01.MP4,T1,27,Willis_Feb21,Scaridae,Scarus,flavipectoralis,1,
PL_L_WILL_14-2-21_P01.MP4,T1,,Willis_Feb21,,,,1,cucumber
PL_L_WILL_14-2-21_P01.MP4,T1,25,Willis_Feb21,Acanthuridae,Ctenochaetus,striatus,1,
PL_L_WILL_14-2-21_P01.MP4,T1,,Willis_Feb21,Pomacentridae,Chromis,iomelas,16,
PL_L_WILL_14-2-21_P01.MP4,T1,,Willis_Feb21,,,,1,cucumber
PL_L_WILL_14-2-21_P01.MP4,T1,17,Willis_Feb21,Acanthuridae,Acanthurus,sp,1,
PL_L_WILL_14-2-21_P01.MP4,T1,8,Willis_Feb21,Pomacentridae,Pomacentrus,sp,1,
PL_L_WILL_14-2-21_P01.MP4,T1,,Willis_Feb21,Pomacentridae,Chromis,iomelas,10,
PL_L_WILL_14-2-21_P01.MP4,T1,15,Willis_Feb21,Acanthuridae,Acanthurus,sp,3,
PL_L_WILL_14-2-21_P01.MP4,T1,5,Willis_Feb21,Pomacentridae,Chromis,amboinensis,14,
PL_L_WILL_14-2-21_P01.MP4,T2,10,Willis_Feb21,Microdesmidae,Ptereleotris,evides,2,
PL_L_WILL_14-2-21_P01.MP4,T2,,Willis_Feb21,Blenniidae,Meiacanthus,atrodorsalis,2,
PL_L_WILL_14-2-21_P01.MP4,T2,,Willis_Feb21,Pomacanthidae,Genicanthus,watanabei,1,
PL_L_WILL_14-2-21_P01.MP4,T2,12,Willis_Feb21,Serranidae,Pseudanthias,pleurotaenia,2,
PL_L_WILL_14-2-21_P01.MP4,T2,5,Willis_Feb21,Pomacentridae,Chromis,atripes,6,
PL_L_WILL_14-2-21_P01.MP4,T2,13,Willis_Feb21,Labridae,Oxycheilinus,orientalis,1,
PL_L_WILL_14-2-21_P01.MP4,T2,13,Willis_Feb21,Acanthuridae,Ctenochaetus,sp,5,
PL_L_WILL_14-2-21_P01.MP4,T2,6,Willis_Feb21,Pomacentridae,Chromis,amboinensis,12,
PL_L_WILL_14-2-21_P01.MP4,T2,14,Willis_Feb21,Chaetodontidae,Forcipiger,flavissimus,6,
PL_L_WILL_14-2-21_P01.MP4,T2,26,Willis_Feb21,Scaridae,Scarus,,2,
PL_L_WILL_14-2-21_P01.MP4,T2,11,Willis_Feb21,Pomacanthidae,Centropyge,flavissima,2,
PL_L_WILL_14-2-21_P01.MP4,T2,15,Willis_Feb21,Pomacanthidae,Pygoplites,diacanthus,2,
PL_L_WILL_14-2-21_P01.MP4,T2,5.5,Willis_Feb21,Pomacentridae,Chromis,amboinensis,8,
PL_L_WILL_14-2-21_P01.MP4,T2,11,Willis_Feb21,Labridae,Thalassoma,amblycephalum,1,
PL_L_WILL_14-2-21_P01.MP4,T2,,Willis_Feb21,Pomacentridae,Chromis,iomelas,8,
PL_L_WILL_14-2-21_P01.MP4,T2,42,Willis_Feb21,Serranidae,Variola,louti,1,
PL_L_WILL_14-2-21_P01.MP4,T2,,Willis_Feb21,Pomacentridae,Chromis,retrofasciata,6,
PL_L_WILL_14-2-21_P01.MP4,T2,22,Willis_Feb21,Mullidae,Parupeneus,multifasciatus,2,
PL_L_WILL_14-2-21_P01.MP4,T2,12,Willis_Feb21,Labridae,Halichoeres,,1,
PL_L_WILL_14-2-21_P01.MP4,T2,6,Willis_Feb21,Pomacentridae,Chromis,amboinensis,5,
PL_L_WILL_14-2-21_P01.MP4,T2,17,Willis_Feb21,Acanthuridae,Acanthurus,pyroferus,1,
PL_L_WILL_14-2-21_P01.MP4,T2,13,Willis_Feb21,Acanthuridae,Acanthurus,sp,4,
PL_L_WILL_14-2-21_P02.MP4,T2,9,Willis_Feb21,Pomacentridae,Dascyllus,reticulatus,4,
PL_L_WILL_14-2-21_P02.MP4,T2,189,Willis_Feb21,Carcharhinidae,Carcharhinus,albimarginatus,1,
PL_L_WILL_14-2-21_P02.MP4,T2,10,Willis_Feb21,Labridae,,,3,
PL_L_WILL_14-2-21_P02.MP4,T2,18,Willis_Feb21,Acanthuridae,Acanthurus,pyroferus,1,
PL_L_WILL_14-2-21_P02.MP4,T2,7,Willis_Feb21,Pomacentridae,Chromis,amboinensis,4,
PL_L_WILL_14-2-21_P02.MP4,T2,15,Willis_Feb21,Chaetodontidae,Forcipiger,flavissimus,2,
PL_L_WILL_14-2-21_P02.MP4,T2,12,Willis_Feb21,Serranidae,Pseudanthias,pleurotaenia,3,
PL_L_WILL_14-2-21_P02.MP4,T2,17,Willis_Feb21,Acanthuridae,Acanthurus,thompsoni,3,
PL_L_WILL_14-2-21_P02.MP4,T2,6,Willis_Feb21,Pomacentridae,Chromis,sp,12,
PL_L_WILL_14-2-21_P02.MP4,T2,14,Willis_Feb21,Malacanthidae,Hoplolatilus,starcki,2,
PL_L_WILL_14-2-21_P02.MP4,T2,,Willis_Feb21,,,,1,cucumber black
PL_L_WILL_14-2-21_P02.MP4,T3,12,Willis_Feb21,Serranidae,Pseudanthias,pleurotaenia,4,
PL_L_WILL_14-2-21_P02.MP4,T3,7,Willis_Feb21,Pomacentridae,Chromis,amboinensis,8,
PL_L_WILL_14-2-21_P02.MP4,T3,23,Willis_Feb21,Pomacanthidae,Chaetodontoplus,sp,1,
PL_L_WILL_14-2-21_P02.MP4,T3,20,Willis_Feb21,Labridae,Bodianus,loxozonus,1,
PL_L_WILL_14-2-21_P02.MP4,T3,6,Willis_Feb21,Pomacentridae,Pomacentrus,sp,5,
PL_L_WILL_14-2-21_P02.MP4,T3,7.5,Willis_Feb21,Pomacentridae,Chromis,amboinensis,12,
PL_L_WILL_14-2-21_P02.MP4,T3,11,Willis_Feb21,Labridae,,,3,
PL_L_WILL_14-2-21_P02.MP4,T3,7.8,Willis_Feb21,Pomacentridae,Chromis,amboinensis,6,
PL_L_WILL_14-2-21_P02.MP4,T3,17,Willis_Feb21,Acanthuridae,Acanthurus,pyroferus,1,
PL_L_WILL_14-2-21_P02.MP4,T4,,Willis_Feb21,,,,1,cucumber black
PL_L_WILL_14-2-21_P02.MP4,T4,4.5,Willis_Feb21,Pomacentridae,Pomacentrus,sp,4,
PL_L_WILL_14-2-21_P02.MP4,T4,16,Willis_Feb21,Chaetodontidae,Forcipiger,flavissimus,2,
PL_L_WILL_14-2-21_P02.MP4,T4,13,Willis_Feb21,Pomacanthidae,Pygoplites,diacanthus,2,
PL_L_WILL_14-2-21_P02.MP4,T4,,Willis_Feb21,,,,1,cucumber black
PL_L_WILL_14-2-21_P02.MP4,T4,6.5,Willis_Feb21,Pomacentridae,Dascyllus,reticulatus,3,
PL_L_WILL_14-2-21_P02.MP4,T4,9,Willis_Feb21,Acanthuridae,Acanthurus,sp,4,
PL_L_WILL_14-2-21_P02.MP4,T4,6.8,Willis_Feb21,Pomacentridae,Chromis,amboinensis,7,
PL_L_WILL_14-2-21_P03.MP4,T5,,Willis_Feb21,,,,1,cucumber black 52m
PL_L_WILL_14-2-21_P03.MP4,T5,28,Willis_Feb21,Labridae,Oxycheilinus,unifasciatus,1,
PL_L_WILL_14-2-21_P03.MP4,T5,,Willis_Feb21,Pomacentridae,Chromis,iomelas,6,
PL_L_WILL_14-2-21_P03.MP4,T5,7,Willis_Feb21,Labridae,,sp,4,
PL_L_WILL_14-2-21_P03.MP4,T5,10,Willis_Feb21,Acanthuridae,Acanthurus,sp,6,
PL_L_WILL_14-2-21_P03.MP4,T5,13,Willis_Feb21,Serranidae,Pseudanthias,pleurotaenia,4,
PL_L_WILL_14-2-21_P03.MP4,T5,19,Willis_Feb21,Acanthuridae,Acanthurus,pyroferus,1,
PL_L_WILL_14-2-21_P03.MP4,T5,7.1,Willis_Feb21,Pomacentridae,Chromis,amboinensis,7,
PL_L_WILL_14-2-21_P03.MP4,T5,10,Willis_Feb21,Pomacanthidae,Genicanthus,melanospilos,1,
PL_L_WILL_14-2-21_P03.MP4,T5,6.7,Willis_Feb21,Pomacentridae,Chromis,amboinensis,8,
PL_L_WILL_14-2-21_P03.MP4,T5,4.3,Willis_Feb21,Pomacentridae,Chromis,ternatensis,6,
PL_L_WILL_14-2-21_P03.MP4,T6,5.6,Willis_Feb21,Pomacentridae,Chromis,amboinensis,4,
PL_L_WILL_14-2-21_P03.MP4,T6,14.6,Willis_Feb21,Chaetodontidae,Forcipiger,flavissimus,1,
PL_L_WILL_14-2-21_P03.MP4,T6,6.2,Willis_Feb21,Pomacentridae,Chromis,amboinensis,5,
PL_L_WILL_14-2-21_P03.MP4,T6,12,Willis_Feb21,Acanthuridae,Acanthurus,sp,6,
PL_L_WILL_14-2-21_P03.MP4,T6,9.1,Willis_Feb21,Pomacentridae,Pomacentrus,sp,1,
PL_L_WILL_14-2-21_P03.MP4,T6,13.5,Willis_Feb21,Serranidae,Pseudanthias,pleurotaenia,3,
PL_L_WILL_14-2-21_P03.MP4,T6,15.8,Willis_Feb21,Chaetodontidae,Forcipiger,flavissimus,1,
PL_L_WILL_14-2-21_P03.MP4,T6,12.7,Willis_Feb21,Pomacentridae,Chromis,xanthochira,3,
PL_L_WILL_14-2-21_P03.MP4,T6,12.8,Willis_Feb21,Acanthuridae,Acanthurus,sp,1,
PL_L_WILL_14-2-21_P03.MP4,T6,11.5,Willis_Feb21,Serranidae,Pseudanthias,pleurotaenia,1,
PL_L_WILL_14-2-21_P04.MP4,T7,19.5,Willis_Feb21,Balistidae,Sufflamen,chrysopterum,3,
PL_L_WILL_14-2-21_P04.MP4,T7,176.2,Willis_Feb21,Carcharhinidae,Carcharhinus,amblyrhynchos,1,
PL_L_WILL_14-2-21_P04.MP4,T7,,Willis_Feb21,Pomacentridae,Chrysiptera,tricincta,6,
PL_L_WILL_14-2-21_P04.MP4,T8,7,Willis_Feb21,Labridae,,sp,1,
PL_L_WILL_14-2-21_P04.MP4,T8,,Willis_Feb21,Acanthuridae,Acanthurus,thompsoni,4,
PL_L_WILL_14-2-21_P04.MP4,T9,,Willis_Feb21,Pomacentridae,Chromis,amboinensis,4,
PL_L_WILL_14-2-21_P04.MP4,T9,5.6,Willis_Feb21,Pomacentridae,Pomacentrus,sp,4,
PL_L_WILL_14-2-21_P04.MP4,T9,,Willis_Feb21,,,,1,trash
PL_L_WILL_14-2-21_P04.MP4,T9,6.3,Willis_Feb21,Pomacentridae,Dascyllus,reticulatus,4,
PL_L_WILL_14-2-21_P05.MP4,T9,,Willis_Feb21,Lethrinidae,Gymnocranius,euanus,1,
PL_L_WILL_14-2-21_P05.MP4,T9,19,Willis_Feb21,Labridae,Gomphosus,varius,4,
PL_L_WILL_14-2-21_P05.MP4,T9,17.4,Willis_Feb21,Acanthuridae,Acanthurus,sp,4,
PL_L_WILL_14-2-21_P05.MP4,T9,6,Willis_Feb21,Pomacentridae,Chromis,amboinensis,5,
PL_L_WILL_14-2-21_P05.MP4,T9,14,Willis_Feb21,Acanthuridae,Acanthurus,nigrofuscus,1,
PL_L_WILL_14-2-21_P05.MP4,T9,13,Willis_Feb21,Chaetodontidae,Chaetodon,,2,
PL_L_WILL_14-2-21_P05.MP4,T9,12,Willis_Feb21,Pomacanthidae,Genicanthus,,3,
PL_L_WILL_14-2-21_P05.MP4,T9,16,Willis_Feb21,Holocentridae,Myripristis,kuntee,1,
PL_L_WILL_14-2-21_P05.MP4,T9,,Willis_Feb21,Pomacentridae,Chromis,iomelas,6,
PL_L_WILL_14-2-21_P05.MP4,T9,5.4,Willis_Feb21,Pomacentridae,Chromis,amboinensis,5,
PL_L_WILL_14-2-21_P05.MP4,T10,11.2,Willis_Feb21,Labridae,Cirrhilabrus,,11,
PL_L_WILL_14-2-21_P05.MP4,T10,53,Willis_Feb21,Balistidae,Balistoides,viridescens,1,
PL_L_WILL_14-2-21_P05.MP4,T10,32,Willis_Feb21,Lethrinidae,Monotaxis,grandoculis,1,
PL_L_WILL_14-2-21_P05.MP4,T10,13,Willis_Feb21,Chaetodontidae,Forcipiger,flavissimus,1,
PL_L_WILL_14-2-21_P05.MP4,T10,12.6,Willis_Feb21,Pomacanthidae,Genicanthus,watanabei,5,
PL_L_WILL_14-2-21_P05.MP4,T10,9.3,Willis_Feb21,Pomacanthidae,Centropyge,sp,1,
PL_L_WILL_14-2-21_P05.MP4,T10,17.3,Willis_Feb21,Lethrinidae,Gnathodentex,aureolineatus,2,
PL_L_WILL_14-2-21_P05.MP4,T10,6.3,Willis_Feb21,Pomacentridae,Chromis,amboinensis,8,
PL_L_WILL_14-2-21_P05.MP4,T10,8.9,Willis_Feb21,Chaetodontidae,Chaetodon,kleinii,2,
PL_L_WILL_14-2-21_P05.MP4,T10,11.3,Willis_Feb21,Chaetodontidae,Chaetodon,pelewensis,2,
PL_L_WILL_14-2-21_P05.MP4,T11,9.8,Willis_Feb21,Pomacanthidae,Genicanthus,watanabei,5,
PL_L_WILL_14-2-21_P05.MP4,T11,14,Willis_Feb21,Acanthuridae,Acanthurus,pyroferus,1,
PL_L_WILL_14-2-21_P05.MP4,T11,11,Willis_Feb21,Acanthuridae,Acanthurus,sp,4,
PL_L_WILL_14-2-21_P05.MP4,T11,,Willis_Feb21,Mullidae,Parupeneus,multifasciatus,2,
PL_L_WILL_14-2-21_P05.MP4,T11,25,Willis_Feb21,Scaridae,Scarus,sp,1,
PL_L_WILL_14-2-21_P05.MP4,T11,6.2,Willis_Feb21,Pomacentridae,Chromis,amboinensis,7,
PL_L_WILL_14-2-21_P05.MP4,T11,16.7,Willis_Feb21,Zanclidae,Zanclus,cornutus,1,
PL_L_WILL_14-2-21_P05.MP4,T11,22,Willis_Feb21,Monacanthidae,Cantherhines,dumerilii,2,
PL_L_WILL_14-2-21_P05.MP4,T11,6.7,Willis_Feb21,Pomacentridae,Pomacentrus,sp,7,
PL_L_WILL_14-2-21_P05.MP4,T11,16.3,Willis_Feb21,Chaetodontidae,Forcipiger,flavissimus,5,
PL_L_WILL_14-2-21_P05.MP4,T11,5.4,Willis_Feb21,Pomacentridae,Dascyllus,reticulatus,3,
PL_L_WILL_14-2-21_P05.MP4,T11,189,Willis_Feb21,Carcharhinidae,Carcharhinus,albimarginatus,8,
PL_L_WILL_14-2-21_P06.MP4,T12,,Willis_Feb21,Pomacentridae,Chromis,iomelas,4,
PL_L_WILL_14-2-21_P06.MP4,T12,,Willis_Feb21,Pomacentridae,Chromis,iomelas,2,
PL_L_WILL_14-2-21_P06.MP4,T12,11.5,Willis_Feb21,Labridae,,sp,1,
PL_L_WILL_14-2-21_P06.MP4,T12,,Willis_Feb21,,,,1,bleached acropora
PL_L_WILL_14-2-21_P06.MP4,T12,12.3,Willis_Feb21,Chaetodontidae,Chaetodon,mertensii,1,
PL_L_WILL_14-2-21_P06.MP4,T12,5.4,Willis_Feb21,Pomacentridae,Chromis,amboinensis,4,
PL_L_WILL_14-2-21_P06.MP4,T12,,Willis_Feb21,Pomacentridae,Chromis,,8,iomelas
PL_L_WILL_14-2-21_P06.MP4,T12,6.8,Willis_Feb21,Pomacentridae,Pomacentrus,sp,1,
PL_L_WILL_14-2-21_P06.MP4,T12,5.7,Willis_Feb21,Pomacentridae,Chromis,amboinensis,6,
PL_L_WILL_14-2-21_P06.MP4,T12,,Willis_Feb21,Pomacentridae,Chromis,iomelas,4,
PL_L_WILL_14-2-21_P06.MP4,T12,10.7,Willis_Feb21,Pomacentridae,Chromis,xanthochira,1,
PL_L_WILL_14-2-21_P06.MP4,T12,6.5,Willis_Feb21,Pomacentridae,Chromis,margaritifer,4,
PL_L_WILL_14-2-21_P06.MP4,T12,17,Willis_Feb21,Mullidae,Parupeneus,multifasciatus,1,
PL_L_WILL_14-2-21_P06.MP4,T13,8.8,Willis_Feb21,Acanthuridae,Ctenochaetus,sp,3,
PL_L_WILL_14-2-21_P06.MP4,T13,14.7,Willis_Feb21,Chaetodontidae,Forcipiger,flavissimus,1,
PL_L_WILL_14-2-21_P07.MP4,T13,,Willis_Feb21,Pomacentridae,Chromis,iomelas,6,
PL_L_WILL_14-2-21_P07.MP4,T13,6.5,Willis_Feb21,Pomacentridae,Chromis,amboinensis,8,
PL_L_WILL_14-2-21_P07.MP4,T13,34,Willis_Feb21,Lethrinidae,Monotaxis,grandoculis,1,
PL_L_WILL_14-2-21_P07.MP4,T13,11.3,Willis_Feb21,Pomacanthidae,Centropyge,flavissima,1,
PL_L_WILL_14-2-21_P07.MP4,T13,10.3,Willis_Feb21,Acanthuridae,Ctenochaetus,sp,3,
PL_L_WILL_14-2-21_P07.MP4,T13,17.3,Willis_Feb21,Acanthuridae,Acanthurus,pyroferus,1,
PL_L_WILL_14-2-21_P07.MP4,T13,16.3,Willis_Feb21,Acanthuridae,Ctenochaetus,striatus,1,
PL_L_WILL_14-2-21_P07.MP4,T13,8,Willis_Feb21,Labridae,,,4,
PL_L_WILL_14-2-21_P07.MP4,T13,19.3,Willis_Feb21,Chaetodontidae,Heniochus,acuminatus,1,
PL_L_WILL_14-2-21_P07.MP4,T13,6.4,Willis_Feb21,Pomacentridae,Chromis,amboinensis,12,
PL_L_WILL_14-2-21_P07.MP4,T13,16.7,Willis_Feb21,Acanthuridae,Acanthurus,thompsoni,1,
PL_L_WILL_14-2-21_P07.MP4,T13,,Willis_Feb21,Pomacentridae,Chromis,iomelas,4,
PL_L_WILL_14-2-21_P07.MP4,T13,14.3,Willis_Feb21,Acanthuridae,Acanthurus,thompsoni,1,
PL_L_WILL_14-2-21_P07.MP4,T13,36.2,Willis_Feb21,Holocentridae,Sargocentron,spiniferum,1,
PL_L_WILL_14-2-21_P07.MP4,T13,,Willis_Feb21,Pomacentridae,Chromis,,5,iomelas_5.1
PL_L_WILL_14-2-21_P07.MP4,T13,6.5,Willis_Feb21,Pomacentridae,Chromis,amboinensis,3,
PL_L_WILL_14-2-21_P07.MP4,T13,6.2,Willis_Feb21,Pomacentridae,Chromis,amboinensis,6,
PL_L_WILL_14-2-21_P07.MP4,T13,17.3,Willis_Feb21,Caesionidae,Caesio,lunaris,4,
PL_L_WILL_14-2-21_P07.MP4,T14,,Willis_Feb21,,,,1,cucumber_T14_1
PL_L_WILL_14-2-21_P07.MP4,T14,,Willis_Feb21,,,,1,cucumber_1
PL_L_WILL_14-2-21_P07.MP4,T14,6.2,Willis_Feb21,Pomacentridae,Chromis,amboinensis,4,
PL_L_WILL_14-2-21_P07.MP4,T14,14,Willis_Feb21,Labridae,Choerodon,jordani,1,
PL_L_WILL_14-2-21_P07.MP4,T14,17,Willis_Feb21,Mullidae,Parupeneus,pleurostigma,1,
PL_L_WILL_14-2-21_P07.MP4,T14,15.8,Willis_Feb21,Labridae,Choerodon,jordani,1,
PL_L_WILL_14-2-21_P07.MP4,T14,,Willis_Feb21,Pomacentridae,Chromis,iomelas,8,
PL_L_WILL_14-2-21_P07.MP4,T14,6.7,Willis_Feb21,,,amboinensis,6,
PL_L_WILL_14-2-21_P07.MP4,T14,16,Willis_Feb21,Labridae,Choerodon,jordani,1,
PL_L_WILL_14-2-21_P07.MP4,T14,5.7,Willis_Feb21,Pomacentridae,Pomacentrus,sp,5,
PL_L_WILL_14-2-21_P07.MP4,T14,18.9,Willis_Feb21,Labridae,Oxycheilinus,unifasciatus,1,
PL_L_WILL_14-2-21_P07.MP4,T14,,Willis_Feb21,Pomacanthidae,Genicanthus,melanospilos,2,
PL_L_WILL_14-2-21_P07.MP4,T14,6.3,Willis_Feb21,Pomacentridae,Chromis,amboinensis,5,
PL_L_WILL_14-2-21_P07.MP4,T14,13.2,Willis_Feb21,Pomacentridae,Pomacentrus,sp,1,
PL_L_WILL_14-2-21_P07.MP4,T14,6.7,Willis_Feb21,Pomacentridae,Dascyllus,reticulatus,3,
PL_L_WILL_14-2-21_P07.MP4,T14,15.7,Willis_Feb21,Chaetodontidae,Forcipiger,flavissimus,1,
PL_L_WILL_14-2-21_P07.MP4,T14,,Willis_Feb21,,,,1,cucumber_willis_T14_02
PL_L_WILL_14-2-21_P07.MP4,T14,17.9,Willis_Feb21,Acanthuridae,Acanthurus,thompsoni,8,
PL_L_WILL_14-2-21_P07.MP4,T14,8.2,Willis_Feb21,Pomacentridae,Dascyllus,reticulatus,13,
PL_L_WILL_14-2-21_P07.MP4,T14,,Willis_Feb21,Pomacentridae,Chromis,,8,iomelas_5.7
PL_L_WILL_14-2-21_P07.MP4,T14,17.8,Willis_Feb21,Chaetodontidae,Chaetodon,unimaculatus,1,
PL_L_WILL_14-2-21_P07.MP4,T14,16.9,Willis_Feb21,Acanthuridae,Acanthurus,thompsoni,6,
PL_L_WILL_14-2-21_P07.MP4,T14,11.7,Willis_Feb21,Pomacentridae,Acanthochromis,polyacanthus,12,
PL_L_WILL_14-2-21_P07.MP4,T14,,Willis_Feb21,Pomacanthidae,Genicanthus,,4,melanospilos_16.3
PL_L_WILL_14-2-21_P07.MP4,T14,11.2,Willis_Feb21,Labridae,Labroides,dimidiatus,1,
PL_L_WILL_14-2-21_P07.MP4,T14,8.3,Willis_Feb21,Pomacentridae,Chromis,alpha,1,
PL_L_WILL_14-2-21_P07.MP4,T14,,Willis_Feb21,,,,1,cucumber_willis_T14_03
PL_L_WILL_14-2-21_P07.MP4,T14,,Willis_Feb21,Pomacentridae,Chromis,,16,iomelas_4.5
PL_L_WILL_14-2-21_P07.MP4,T14,,Willis_Feb21,Pomacanthidae,Centropyge,,1,bicolor_10.1
PL_L_WILL_14-2-21_P07.MP4,T14,8.1,Willis_Feb21,Pomacentridae,Chromis,amboinensis,6,
PL_L_WILL_14-2-21_P07.MP4,T14,18.2,Willis_Feb21,Acanthuridae,Acanthurus,thompsoni,6,
PL_L_WILL_14-2-21_P07.MP4,T15,15.9,Willis_Feb21,Acanthuridae,Acanthurus,pyroferus,1,
PL_L_WILL_14-2-21_P07.MP4,T15,5.4,Willis_Feb21,Pomacentridae,Chromis,amboinensis,8,
PL_L_WILL_14-2-21_P07.MP4,T15,22.3,Willis_Feb21,Mullidae,Parupeneus,multifasciatus,1,
PL_L_WILL_14-2-21_P07.MP4,T15,23.4,Willis_Feb21,Monacanthidae,Cantherhines,dumerilii,1,
PL_L_WILL_14-2-21_P07.MP4,T15,5.7,Willis_Feb21,Pomacentridae,Chromis,amboinensis,6,
PL_L_WILL_14-2-21_P07.MP4,T15,16.3,Willis_Feb21,Acanthuridae,Ctenochaetus,striatus,1,
PL_L_WILL_14-2-21_P07.MP4,T15,30.2,Willis_Feb21,Scaridae,Scarus,dimidiatus,1,
PL_L_WILL_14-2-21_P07.MP4,T15,,Willis_Feb21,Pomacentridae,Chromis,,8,iomelas_4.3
PL_L_WILL_14-2-21_P08.MP4,T15,22.1,Willis_Feb21,Chaetodontidae,Forcipiger,flavissimus,3,
PL_L_WILL_14-2-21_P08.MP4,T15,25.7,Willis_Feb21,Mullidae,Parupeneus,multifasciatus,1,
PL_L_WILL_14-2-21_P08.MP4,T15,13.2,Willis_Feb21,Chaetodontidae,Chaetodon,lunulatus,1,
PL_L_WILL_14-2-21_P08.MP4,T15,,Willis_Feb21,Pomacanthidae,Centropyge,,2,heraldi_9.1
PL_L_WILL_14-2-21_P08.MP4,T15,6.2,Willis_Feb21,Pomacentridae,Chromis,amboinensis,5,
PL_L_WILL_14-2-21_P08.MP4,T15,9.1,Willis_Feb21,Pomacentridae,Pomacentrus,sp,1,
PL_L_WILL_14-2-21_P08.MP4,T15,18.9,Willis_Feb21,Acanthuridae,Ctenochaetus,striatus,1,
PL_L_WILL_14-2-21_P08.MP4,T15,,Willis_Feb21,Balistidae,Sufflamen,,1,bursa_23
PL_L_WILL_14-2-21_P08.MP4,T15,,Willis_Feb21,Pomacentridae,Chromis,amboinensis,4,
PL_L_WILL_14-2-21_P08.MP4,T15,17.8,Willis_Feb21,Acanthuridae,Acanthurus,pyroferus,1,
PL_L_WILL_14-2-21_P08.MP4,T15,,Willis_Feb21,Pomacanthidae,Centropyge,,1,heraldi_8.6
PL_L_WILL_14-2-21_P08.MP4,T15,23.4,Willis_Feb21,Lutjanidae,Lutjanus,kasmira,1,
PL_L_WILL_14-2-21_P08.MP4,T15,8.9,Willis_Feb21,Pomacentridae,Pomacentrus,sp,1,
PL_L_WILL_14-2-21_P08.MP4,T15,,Willis_Feb21,Pomacentridae,Chromis,,1,iomelas_5.2
PL_L_WILL_14-2-21_P08.MP4,T15,26.4,Willis_Feb21,Labridae,Hemigymnus,fasciatus,3,
PL_L_WILL_14-2-21_P08.MP4,T15,19.3,Willis_Feb21,Labridae,Oxycheilinus,unifasciatus,1,
PL_L_WILL_14-2-21_P08.MP4,T15,29.1,Willis_Feb21,Scaridae,Scarus,dimidiatus,1,
PL_L_WILL_14-2-21_P08.MP4,T15,18.2,Willis_Feb21,Acanthuridae,Acanthurus,pyroferus,1,
PL_L_WILL_14-2-21_P08.MP4,T15,,Willis_Feb21,Pomacentridae,Chromis,,8,iomelas_4.8
PL_L_WILL_14-2-21_P08.MP4,T15,26.5,Willis_Feb21,Scaridae,Scarus,dimidiatus,1,
PL_L_WILL_14-2-21_P08.MP4,T15,10.2,Willis_Feb21,Labridae,,,12,
PL_L_WILL_14-2-21_P08.MP4,T15,21.1,Willis_Feb21,Acanthuridae,Acanthurus,pyroferus,1,
PL_L_WILL_14-2-21_P08.MP4,T15,16.7,Willis_Feb21,Labridae,Anampses,twistii,1,
PL_L_WILL_14-2-21_P08.MP4,T15,16.9,Willis_Feb21,Chaetodontidae,Hemitaurichthys,polylepis,1,
PL_L_WILL_14-2-21_P08.MP4,T15,6.4,Willis_Feb21,Pomacentridae,Chromis,amboinensis,8,